{
    "42": {
        "0": {
            "validation_matched": 0.8334182500839233,
            "validation_mismatched": 0.8421480655670166,
            "lexical_overlap_ln_preposition": 0.7350000143051147,
            "lexical_overlap_ln_subject-object_swap": 0.8669999837875366,
            "constituent_cn_embedded_under_if": 0.33399999141693115,
            "constituent_cn_embedded_under_verb": 0.33000001311302185
        },
        "5": {
            "validation_matched": 0.8252674341201782,
            "validation_mismatched": 0.826993465423584,
            "lexical_overlap_ln_preposition": 0.19200000166893005,
            "lexical_overlap_ln_subject-object_swap": 0.1899999976158142,
            "constituent_cn_embedded_under_if": 0.13199999928474426,
            "constituent_cn_embedded_under_verb": 0.11299999803304672
        },
        "10": {
            "validation_matched": 0.8361691236495972,
            "validation_mismatched": 0.8400121927261353,
            "lexical_overlap_ln_preposition": 0.6650000214576721,
            "lexical_overlap_ln_subject-object_swap": 0.8500000238418579,
            "constituent_cn_embedded_under_if": 0.46799999475479126,
            "constituent_cn_embedded_under_verb": 0.367000013589859
        },
        "15": {
            "validation_matched": 0.826490044593811,
            "validation_mismatched": 0.8314687013626099,
            "lexical_overlap_ln_preposition": 0.8180000185966492,
            "lexical_overlap_ln_subject-object_swap": 0.9010000228881836,
            "constituent_cn_embedded_under_if": 0.4790000021457672,
            "constituent_cn_embedded_under_verb": 0.28700000047683716
        },
        "20": {
            "validation_matched": 0.817218542098999,
            "validation_mismatched": 0.8198738694190979,
            "lexical_overlap_ln_preposition": 0.5640000104904175,
            "lexical_overlap_ln_subject-object_swap": 0.49399998784065247,
            "constituent_cn_embedded_under_if": 0.49399998784065247,
            "constituent_cn_embedded_under_verb": 0.3109999895095825
        },
        "25": {
            "validation_matched": 0.8259806632995605,
            "validation_mismatched": 0.829943060874939,
            "lexical_overlap_ln_preposition": 0.7009999752044678,
            "lexical_overlap_ln_subject-object_swap": 0.828000009059906,
            "constituent_cn_embedded_under_if": 0.6209999918937683,
            "constituent_cn_embedded_under_verb": 0.5220000147819519
        },
        "30": {
            "validation_matched": 0.8268976211547852,
            "validation_mismatched": 0.8296379446983337,
            "lexical_overlap_ln_preposition": 0.6359999775886536,
            "lexical_overlap_ln_subject-object_swap": 0.5849999785423279,
            "constituent_cn_embedded_under_if": 0.7160000205039978,
            "constituent_cn_embedded_under_verb": 0.39399999380111694
        },
        "35": {
            "validation_matched": 0.8209882974624634,
            "validation_mismatched": 0.8237388134002686,
            "lexical_overlap_ln_preposition": 0.5799999833106995,
            "lexical_overlap_ln_subject-object_swap": 0.574999988079071,
            "constituent_cn_embedded_under_if": 0.27399998903274536,
            "constituent_cn_embedded_under_verb": 0.1289999932050705
        },
        "40": {
            "validation_matched": 0.8233316540718079,
            "validation_mismatched": 0.8255695700645447,
            "lexical_overlap_ln_preposition": 0.33799999952316284,
            "lexical_overlap_ln_subject-object_swap": 0.29499998688697815,
            "constituent_cn_embedded_under_if": 0.3109999895095825,
            "constituent_cn_embedded_under_verb": 0.08500000089406967
        },
        "45": {
            "validation_matched": 0.8158940672874451,
            "validation_mismatched": 0.8170260190963745,
            "lexical_overlap_ln_preposition": 0.25999999046325684,
            "lexical_overlap_ln_subject-object_swap": 0.2160000056028366,
            "constituent_cn_embedded_under_if": 0.36000001430511475,
            "constituent_cn_embedded_under_verb": 0.1420000046491623
        },
        "50": {
            "validation_matched": 0.8153846263885498,
            "validation_mismatched": 0.8161106705665588,
            "lexical_overlap_ln_preposition": 0.20600000023841858,
            "lexical_overlap_ln_subject-object_swap": 0.12700000405311584,
            "constituent_cn_embedded_under_if": 0.10899999737739563,
            "constituent_cn_embedded_under_verb": 0.00800000037997961
        },
        "55": {
            "validation_matched": 0.8052980303764343,
            "validation_mismatched": 0.8029902577400208,
            "lexical_overlap_ln_preposition": 0.24699999392032623,
            "lexical_overlap_ln_subject-object_swap": 0.2160000056028366,
            "constituent_cn_embedded_under_if": 0.06800000369548798,
            "constituent_cn_embedded_under_verb": 0.0010000000474974513
        },
        "60": {
            "validation_matched": 0.7923586368560791,
            "validation_mismatched": 0.7992269992828369,
            "lexical_overlap_ln_preposition": 0.017999999225139618,
            "lexical_overlap_ln_subject-object_swap": 0.00800000037997961,
            "constituent_cn_embedded_under_if": 0.02800000086426735,
            "constituent_cn_embedded_under_verb": 0.0
        },
        "65": {
            "validation_matched": 0.7803362011909485,
            "validation_mismatched": 0.7809194326400757,
            "lexical_overlap_ln_preposition": 0.004000000189989805,
            "lexical_overlap_ln_subject-object_swap": 0.0,
            "constituent_cn_embedded_under_if": 0.04399999976158142,
            "constituent_cn_embedded_under_verb": 0.0
        },
        "70": {
            "validation_matched": 0.757921576499939,
            "validation_mismatched": 0.7629169821739197,
            "lexical_overlap_ln_preposition": 0.0,
            "lexical_overlap_ln_subject-object_swap": 0.0,
            "constituent_cn_embedded_under_if": 0.0020000000949949026,
            "constituent_cn_embedded_under_verb": 0.0
        }
    },
    "43": {
        "0": {
            "validation_matched": 0.8334182500839233,
            "validation_mismatched": 0.8421480655670166,
            "lexical_overlap_ln_preposition": 0.7350000143051147,
            "lexical_overlap_ln_subject-object_swap": 0.8669999837875366,
            "constituent_cn_embedded_under_if": 0.33399999141693115,
            "constituent_cn_embedded_under_verb": 0.33000001311302185
        },
        "5": {
            "validation_matched": 0.823433518409729,
            "validation_mismatched": 0.8266883492469788,
            "lexical_overlap_ln_preposition": 0.4189999997615814,
            "lexical_overlap_ln_subject-object_swap": 0.34599998593330383,
            "constituent_cn_embedded_under_if": 0.34299999475479126,
            "constituent_cn_embedded_under_verb": 0.21199999749660492
        },
        "10": {
            "validation_matched": 0.8241466879844666,
            "validation_mismatched": 0.8354353308677673,
            "lexical_overlap_ln_preposition": 0.8109999895095825,
            "lexical_overlap_ln_subject-object_swap": 0.9049999713897705,
            "constituent_cn_embedded_under_if": 0.5180000066757202,
            "constituent_cn_embedded_under_verb": 0.32499998807907104
        },
        "15": {
            "validation_matched": 0.8273051381111145,
            "validation_mismatched": 0.8308584094047546,
            "lexical_overlap_ln_preposition": 0.6890000104904175,
            "lexical_overlap_ln_subject-object_swap": 0.753000020980835,
            "constituent_cn_embedded_under_if": 0.39899998903274536,
            "constituent_cn_embedded_under_verb": 0.3310000002384186
        },
        "20": {
            "validation_matched": 0.8279164433479309,
            "validation_mismatched": 0.8340113759040833,