{
    "42": {
        "0": {
            "qqp": 0.9118971228599548,
            "paws-qqp": 0.3980099558830261,
            "paws-qqp_0": 0.14799908003679854
        },
        "5": {
            "qqp": 0.8960177898406982,
            "paws-qqp": 0.32006633281707764,
            "paws-qqp_0": 0.01782428702851886
        },
        "10": {
            "qqp": 0.9081375002861023,
            "paws-qqp": 0.37400299310684204,
            "paws-qqp_0": 0.1047608095676173
        },
        "15": {
            "qqp": 0.9078902006149292,
            "paws-qqp": 0.3538655936717987,
            "paws-qqp_0": 0.07256209751609935
        },
        "20": {
            "qqp": 0.9081375002861023,
            "paws-qqp": 0.36594805121421814,
            "paws-qqp_0": 0.10004599816007359
        },
        "25": {
            "qqp": 0.9049715399742126,
            "paws-qqp": 0.3306483328342438,
            "paws-qqp_0": 0.03829346826126955
        },
        "30": {
            "qqp": 0.9022260904312134,
            "paws-qqp": 0.3747926950454712,
            "paws-qqp_0": 0.1233900643974241
        },
        "35": {
            "qqp": 0.900469958782196,
            "paws-qqp": 0.3255152702331543,
            "paws-qqp_0": 0.02909383624655014
        },
        "40": {
            "qqp": 0.8936185836791992,
            "paws-qqp": 0.3289110064506531,
            "paws-qqp_0": 0.0390984360625575
        },
        "45": {
            "qqp": 0.8946574330329895,
            "paws-qqp": 0.3225933909416199,
            "paws-qqp_0": 0.02702391904323827
        },
        "50": {
            "qqp": 0.8826366662979126,
            "paws-qqp": 0.32480454444885254,
            "paws-qqp_0": 0.03518859245630175
        },
        "55": {
            "qqp": 0.8798911571502686,
            "paws-qqp": 0.3170654773712158,
            "paws-qqp_0": 0.02127414903403864
        },
        "60": {
            "qqp": 0.8667078614234924,
            "paws-qqp": 0.31493327021598816,
            "paws-qqp_0": 0.0072447102115915365
        },
        "65": {
            "qqp": 0.8511996269226074,
            "paws-qqp": 0.31524914503097534,
            "paws-qqp_0": 0.009429622815087397
        }
    },
    "43": {
        "0": {
            "qqp": 0.9118971228599548,
            "paws-qqp": 0.3980099558830261,
            "paws-qqp_0": 0.14799908003679854
        },
        "5": {
            "qqp": 0.8938412070274353,
            "paws-qqp": 0.3241727948188782,
            "paws-qqp_0": 0.03403863845446182
        },
        "10": {
            "qqp": 0.9093742370605469,
            "paws-qqp": 0.3541814684867859,
            "paws-qqp_0": 0.07727690892364306
        },
        "15": {
            "qqp": 0.9069255590438843,
            "paws-qqp": 0.3762931227684021,
            "paws-qqp_0": 0.11568537258509659
        },
        "20": {
            "qqp": 0.9070245027542114,
            "paws-qqp": 0.35789307951927185,
            "paws-qqp_0": 0.08383164673413064
        },
        "25": {
            "qqp": 0.9046500325202942,
            "paws-qqp": 0.3631051182746887,
            "paws-qqp_0": 0.09360625574977001
        },
        "30": {
            "qqp": 0.9029433727264404,
            "paws-qqp": 0.32788437604904175,
            "paws-qqp_0": 0.03150873965041398
        },
        "35": {
            "qqp": 0.8990353941917419,
            "paws-qqp": 0.3319908380508423,
            "paws-qqp_0": 0.05048298068077277
        },
        "40": {
            "qqp": 0.8940885663032532,
            "paws-qqp": 0.3257521986961365,
            "paws-qqp_0": 0.03369365225390984
        },
        "45": {
            "qqp": 0.8949790000915527,
            "paws-qqp": 0.31975045800209045,
            "paws-qqp_0": 0.021044158233670653
        },
        "50": {
            "qqp": 0.8866188526153564,
            "paws-qqp": 0.31532812118530273,
            "paws-qqp_0": 0.015409383624655014
        },
        "55": {
            "qqp": 0.8698491454124451,
            "paws-qqp": 0.3221195638179779,
            "paws-qqp_0": 0.04450321987120515
        },
        "60": {
            "qqp": 0.8643828630447388,
            "paws-qqp": 0.3138276934623718,
            "paws-qqp_0": 0.009889604415823367
        },
        "65": {
            "qqp": 0.8459064960479736,
            "paws-qqp": 0.3175392746925354,
            "paws-qqp_0": 0.019894204231830727
        }
    },
    "44": {
        "0": {
            "qqp": 0.9118971228599548,
            "paws-qqp": 0.3980099558830261,
            "paws-qqp_0": 0.14799908003679854
        },
        "5": {
            "qqp": 0.8968340158462524,
            "paws-qqp": 0.32330411672592163,
            "paws-qqp_0": 0.025988960441582335
        },
        "10": {
            "qqp": 0.907222330570221,
            "paws-qqp": 0.39113953709602356,
            "paws-qqp_0": 0.14040938362465502
        },
        "15": {
            "qqp": 0.9080138802528381,
            "paws-qqp": 0.3791360557079315,
            "paws-qqp_0": 0.12063017479300828
        },
        "20": {
            "qqp": 0.9051446914672852,
            "paws-qqp": 0.3504698872566223,
            "paws-qqp_0": 0.07440202391904324
        },
        "25": {
            "qqp": 0.905392050743103,
            "paws-qqp": 0.37044933438301086,
            "paws-qqp_0": 0.10522079116835327
        },
        "30": {
            "qqp": 0.9019292593002319,
            "paws-qqp": 0.36452656984329224,
            "paws-qqp_0": 0.10855565777368906
        },
        "35": {
            "qqp": 0.8988127708435059,
            "paws-qqp": 0.3346758186817169,
            "paws-qqp_0": 0.042778288868445265
        },
        "40": {
            "qqp": 0.8951520919799805,
            "paws-qqp": 0.3330964148044586,
            "paws-qqp_0": 0.04864305427782889
        },
        "45": {
            "qqp": 0.891120433807373,
            "paws-qqp": 0.32764747738838196,
            "paws-qqp_0": 0.04024839006439743
        },
        "50": {
            "qqp": 0.8849369287490845,
            "paws-qqp": 0.3223564624786377,
            "paws-qqp_0": 0.026333946642134315
        },
        "55": {
            "qqp": 0.8760326504707336,
            "paws-qqp": 0.3169865012168884,
            "paws-qqp_0": 0.019434222631094757
        },
        "60": {
            "qqp": 0.8730398416519165,
            "paws-qqp": 0.31785517930984497,
            "paws-qqp_0": 0.02046918123275069
        },
        "65": {
            "qqp": 0.8387830853462219,
            "paws-qqp": 0.31216931343078613,
            "paws-qqp_0": 0.008854645814167433
        }
    }
}