{
    "seed": [
        "original",
        "42",
        "43",
        "44",
        "45",
        "46",
        "47",
        "48",
        "49",
        "50",
        "51",
        "52",
        "53"
    ],
    "sparsity": [
        0,
        0.3012820512820513,
        0.3012820512820513,
        0.3076923076923077,
        0.3012820512820513,
        0.2948717948717948,
        0.28846153846153844,
        0.3012820512820513,
        0.3012820512820513,
        0.3012820512820513,
        0.3012820512820513,
        0.3012820512820513,
        0.28846153846153844
    ],
    "qqp": [
        0.9118971061093247,
        0.9021023992085085,
        0.9030422953252535,
        0.9016819193668069,
        0.9014593123917882,
        0.9038090526836507,
        0.9010140984417512,
        0.899183774424932,
        0.9005936186000495,
        0.9038337867919861,
        0.9021023992085085,
        0.9015829829334653,
        0.9037843185753154
    ],
    "paws-qqp": [
        0.39800995024875624,
        0.37352917949932873,
        0.3277264471294322,
        0.36010424070125563,
        0.35236515833530757,
        0.33499170812603646,
        0.3484166469241096,
        0.33783463634209904,
        0.3571823422569691,
        0.34091447524283347,
        0.34849561715233357,
        0.36294716891731815,
        0.3486535576087815
    ],
    "paws-qqp_0": [
        0.14799908003679854,
        0.1217801287948482,
        0.03093376264949402,
        0.09958601655933763,
        0.07727690892364306,
        0.043813247470101194,
        0.07463201471941122,
        0.05036798528058878,
        0.0811867525298988,
        0.060832566697332106,
        0.06980220791168354,
        0.09096136154553817,
        0.06531738730450783
    ]
}