{
    "seed": [
        "original",
        "42",
        "43",
        "44",
        "45",
        "46",
        "47",
        "48",
        "49",
        "50",
        "51",
        "52",
        "53"
    ],
    "sparsity": [
        0,
        0.608974358974359,
        0.6025641025641026,
        0.5961538461538461,
        0.6025641025641026,
        0.5961538461538461,
        0.5961538461538461,
        0.6025641025641026,
        0.6025641025641026,
        0.6025641025641026,
        0.6025641025641026,
        0.6025641025641026,
        0.608974358974359
    ],
    "qqp": [
        0.9118971061093247,
        0.8667078901805589,
        0.8643828839970319,
        0.87303982191442,
        0.8684887459807074,
        0.863888201830324,
        0.8559732871629978,
        0.8678951273806579,
        0.8635913925302993,
        0.868093000247341,
        0.864580756863715,
        0.8688844917140737,
        0.860128617363344
    ],
    "paws-qqp": [
        0.39800995024875624,
        0.3149332701571508,
        0.3138276869620153,
        0.31785516860143725,
        0.31730237700386954,
        0.32022427544815607,
        0.31453841901603097,
        0.31588091289583825,
        0.3181710495143331,
        0.31414356787491116,
        0.31785516860143725,
        0.3140645976466872,
        0.31469635947247887
    ],
    "paws-qqp_0": [
        0.14799908003679854,
        0.0072447102115915365,
        0.009889604415823367,
        0.02046918123275069,
        0.018514259429622815,
        0.028633854645814166,
        0.01138454461821527,
        0.015639374425023,
        0.02173413063477461,
        0.015064397424103036,
        0.026793928242870284,
        0.0078196872125115,
        0.016789328426862926
    ]
}